upc,in_stock
a897fe39b1053632,22
90fa61229261140a,20
6957f44c3847a760,20
e00eb4fd7b871a48,20
4165285e1663650f,20
f77dbf2323deb740,19
2597b5a345f45e1b,19
e72a5dfc7e9267b2,19
e10e1e165dc8be4a,19
1dfe412b8ac00530,19
0312262ecafa5a40,19
30a7f60cd76ca58c,19
ce6396b0f23f6ecc,19
3b1c02bac2a429e6,19
a34ba96d4081e6a4,19
deda3e61b9514b83,19
feb7cc7701ecf901,19
e30f54cea9b38190,19
a18a4f574854aced,19
a22124811bfa8350,19
23356462d1320d61,19
327f68a59745c102,19
5674a18a29a43ced,19
c2e46a2ee3b4a322,19
00bfed9e18bb36f3,19
9528d0948525bf5f,19
c7d160c2c0de586f,19
904208d6aa64b655,19
4c28def39d850cdf,18
ccd9ffa25efabdea,18
6258a1f6a6dcfe50,18
3c039985229453bf,18
5dada2b7be26bd03,18
9f6568e9c95f60b0,18
6be3beb0793a53e7,18
668fe56b17cfcd4f,18
094b269567e1c300,18
19ed25f4641d5efd,18
be5cc846f45496fb,18
55f9da0c5eea2e10,17
b4fd5943413e089a,17
c8f7f0cb1abb9cac,17
b12b89017878a60d,17
c27f6e1f185b0383,17
acddfeab2a407640,16
3ecb690d1542c568,16
8d455c7539795d2a,16
657fe5ead67a7767,16
d170b5a0da46380e,16
7ae099f3898e0209,16
9a9d6e9bc555731e,16
09555be379ad9253,16
7858914fad68493c,16
51653ef291ab7ddc,16
709822d0b5bcb7f4,16
4eed62cf5f8d8edf,16
b5ea0b5dabed25a8,16
142d767a56a9254d,16
5ee94540d0749ea0,16
cedf82b5086e4691,16
7d385d34d12e60ff,16
d01ac97e2b8947c2,16
aadee1c326d286e3,16
31075275518532d7,16
0da9aa9d24677fc0,16
8c9e6bf2467d740d,16
acd86a5426e21ca0,16
a30b270e25489e5c,16
bd261725b99f5983,16
43c6a960757cf559,16
80cfab6bcff3a244,16
a3d2a4250807f1e9,16
7d6d2a6c0276f81b,16
87b0615b6e1f4d7b,16
e6af5bf1163c1151,16
6f78a0d744c35456,16
c849f0b2f5d6a742,16
53a3d11bb568cc8b,16
d7310206583a54b6,16
c82a3e358c773c73,16
0fa6dceead7ce47a,16
0e691eda369f4e09,16
e80f8e518b300dfe,16
7392c0032f92d816,16
9429b4d59c537af5,16
889139b8e9c4cb36,16
11809b1d323b3057,16
9ffa38d3b832433a,16
b757c0c361e689ce,16
3c346ab1e76ae1f6,16
784bc2279baa878d,16
fa9610a50a1bf149,16
72f9d5be3472d34e,16
460089f796fb3f82,16
b6ee99bcf06fc91f,16
57e5a4d515c8ce44,16
7b75cc7f223791f4,16
228f74b74f3a08ae,16
18ad3ed896c7ce05,16
b136b1b180ca753a,16
e4f74c16de34d440,16
8d4eefad7a2b3915,16
1c89ae5bb804e4de,16
a6f99b9e687f9d46,16
2a97cffe61c3c4c7,16
f2df3bb043a8abb0,16
9beb96a2300109d7,16
9e28048cea8d41f7,16
7add3f8e49ec0826,16
311c0dd0e354a33e,16
fce19f9b4a943f22,16
09b6cc87e62c2c58,16
7267864328ae8b9d,16
8754c83ab2a7ae71,16
7b599c8bfcdd8d30,16
bee3672891cca906,16
5ceb951f629700a2,16
74baabfc8fd84b38,16
bdf415fd484ea8a7,16
6d5300b2d8f37e07,16
38d45839cb1c83c1,16
70ed59f194b3c556,16
8a380641491d43ed,16
f733e8c19d40ec2e,16
3a6fb983e2554023,16
842790dfaa937484,16
01d2001ac1e6f8a3,16
e4ac92d89b946781,16
796c87ddbbaaf8c5,15
9270575728a13a61,15
b8736690cf263a3c,15
d7d6d50c1e3d0b81,15
590a9cccf7db9f7d,15
de3f25248ba0789f,15
bc2a85fd35fdc7bd,15
37c0cb19713d8dda,15
623e1a180426039b,15
fd3a622648667296,15
3bebf34ee9330cbd,15
f5a92cff83897d48,15
d6361d16212664ed,15
961f18db4f138211,15
0651062381f0636a,15
e98a4efa85070c2f,15
790ef197c8f236f5,15
8ec14b1576cb7cb5,15
209adad1015af86f,15
e4c7f3487d17fd42,15
c7b5183f4d1d4efe,15
99ff4cc6491e8f5c,15
08db62f24627e71f,15
e28e330cbdf01126,15
abeafe151a587d3b,15
eac1a180047ad54e,15
9287e238d7c3b06e,15
2dbb7ec08cdd7f3c,15
e956d67c9bcc5809,15
42d0d7c92b75fc1c,15
d6670dfe3e7b42bd,15
96a38e7c813d8f1d,15
efc3768127714ec3,15
dd047728de72ad62,15
e7469e22b5bfb3e7,15
c99761a700ade23f,15
56e4f9eab2e8e674,15
203b7f94b7d6115f,15
ca71e72655bece85,15
2a70769cdc6eb8b8,15
1b33663ad7b95fd8,15
0e0dcc3339602b28,15
0c27e6c3744fc14b,15
ad04ad9fc179fc5d,15
1c929cfd16b71907,15
e656e280bc8edd56,15
b53db2271c9624f7,15
d9c643fa1fc57bdb,15
31001a1210623bd4,15
50b8f80311b31ede,15
cfeb1e1e0e695b58,15
a40723994f715420,15
caf4fe9311f1dc59,15
af96613fdd793a3c,15
d69dd8dac66f9f84,15
4aa03792b50f0b22,15
ba54932df84e8cea,15
c1afd71fc86bf682,15
fd8585283fc7d2d7,15
4ce91d31c1e57c33,15
d163dd6c352fbcd2,15
ce60436f52c5ee68,15
116a2fdc9a45bab0,15
8585760646e3aa2a,15
2f88b08bf0a0e367,15
edb3097e71330040,15
65d034adf80834b7,15
29c0025455f8c585,15
6ffb36aaeff1c81e,15
f6d967cdadc6fbd9,15
3a11bb962ff45b78,15
46c1530d7546ea6d,15
88c21fcd38e2486e,15
3b9a3b4624b7fd6d,15
a57b1dcbd6849222,15
513271dadc1322ae,15
1f329c2e7d7de8bd,15
919e7cb2269a25d2,15
3f69e667a67e54d9,15
7edc0527cf782e19,15
47271d8e08b5d31c,15
05f7c6d9a4e582d3,15
d24b829be2ca81c4,15
7ebfa6c1bee69e1e,15
bb8245f52c7cce8f,15
ffd54178acc9a6a5,15
d195e7f4ed697350,15
dd5bfa6cc2c0ecc3,14
024387ca4cafd5cc,14
047097293bb4d1c0,14
3fb15ace50d6142b,14
2b5054a4192e9b06,14
44a10f1ac8ce822e,14
6fd646a334e6e133,14
92275cedf6d8ee15,14
6a31307a81e8f3a8,14
4a1debca3135ff37,14
aba2db9afb1469c7,14
76c84daa539426e2,14
1d6443ffba9dfd80,14
6e44bcbeac7f4360,14
f0f38174a7e689a3,14
34c0d7c4ee5650af,14
08b2f71d93836313,14
6875c5657661b2fb,14
c5cb9f885d8b3621,14
e9906e2f0d189745,14
081305e6df719dff,14
1528279aec1f3dce,14
00c4543ec6bd25b4,14
e88fb1c9397cfb27,14
012094e90a4b908d,14
6bdd909329435e80,14
52cf2a5933ec5d8f,14
4e812d32d64e2431,14
f21effc079a2b38a,14
2d88a31f325dfd3b,14
4881cc53f6c8892f,14
3bc89353f7e3a3cc,14
f72f61ad6a5f12ed,14
992974ba6a0536ea,14
ddc8340dabc8641b,14
847935fc68707426,14
a86972014275e072,14
3d76bc83c6b644c9,14
6edacfd1f8ebb9eb,14
dc6f688b82e42a5b,14
923831a05c9f91f7,14
1b8187fa4bf6ab05,14
0c7b9cf2b7662b65,14
2d1e337aaf341858,14
2c04320e110a14a3,14
4c8b7540409da4ac,14
ac8e3949d284e9a9,14
fe44cc816576c652,14
95019eac1c0a052f,14
3edcccc4f341fb1a,14
a278db6b2b09cf9f,14
394f6d30cafc3edb,14
830fb3967c74866d,14
f9705c362f070608,14
86cbddb61ea78bb7,14
85b2176b3b194030,14
31e2e2d9cca3778f,14
a6454e329f872b78,14
aa35446aab16017f,14
af58a74e4b2a23a0,14
8ecf0356a3878811,14
e34efcc824685332,14
02b74068fa98d8a4,14
132ec5e8c984adef,14
71e36f33981ddb74,14
727bf2b86b19ad88,14
cc82685d9f49bc2c,14
137b0b2775701e11,14
caa2e5b3fb1b2d4c,14
47d47155e89c8be7,14
b96fc7a0ea7d4b45,14
5b43cae640f2338a,14
d512871626a5e588,14
a10c7515834240f3,14
adb5f51c2e2ab13f,14
24af96df0bafb925,14
17fb5a88180f9904,14
1174156c4a0eccaa,14
708345c9897fd7c5,14
245e6bf08b8d2955,14
2b52334fab158861,14
b8a8ff84233f0570,14
aeff7b87a8e83ebb,14
fbb21a2f71f4d981,14
6b6cd77fbc91b7a6,14
0b165bd4b9f42fd5,14
afa829857f82f99e,14
f201f263d8c23f97,14
eec424a84c9e4c68,14
de4b403cb629a29f,14
9194ae88379dbf1a,14
ac4dde0d1be05de0,14
a2bd4ca82d908442,14
9eaf58b03a2779cc,14
27c5968fe43cc06e,14
1d6dd0c87d90fe92,14
a01f6d368ef64dc5,14
047dfa57ba0bf638,14
ad2887ce04583910,14
bf5de316a5e9a4ab,14
3c6fe637a0180b01,14
94a958ea126cdcd5,14
0e94a089328be4bc,14
4b9d9cfe0f435788,14
28cf0d1c51b491e5,14
33a3e0e3ffde0dcd,14
42b0c50fc44140ec,14
966ebb738e0f9d9b,14
1e264c677d4ee4ae,14
5b987e54ee72525c,14
8a6ec2761f91dad2,14
bfbb54bc8cdeed2b,14
e2e7b683b4c15b7d,14
1b0fc9f777cad045,14
5f22418922fa728b,14
16ef91b9d827859c,14
a80f66b254fe9eb3,14
bf68dcb5fad3cc8c,14
999912e63a3262ae,14
0e0da9192a025efc,14
9b65f676984c9f0c,14
ffdc825785c0ede8,14
41164b8ac02a2c42,14
1fbb5f786e53a0ce,14
ad41c24ccac0c7ce,14
39861fc1c0845d15,14
5319169a72714c62,14
cf1aa2fc02a7d1e0,14
4416c474713ec1f5,14
63ee5bc46066a8a8,14
c1379d3744f1dd2c,14
1ad06aed9349af46,14
8682c03de6a844ff,14
d5e0526e1ab682a3,14
01a177623cce9596,14
6e8e5626ac4d279e,14
ac5e0d3938caf686,13
2f0213137a80d485,13
44d97b6707dae3f0,13
8bbd7df8a324f31d,13
4be9d1910f8a4e80,13
077b635ff2afc578,12
148715df5a02ea5e,12
4a7a25be293ad678,12
ce1ae197ada2aec4,12
14e44163678e24dc,12
582a21a1dbbef3cf,12
3063c7e95d0bf76f,12
235fa48eeed11d82,12
f732d7d18a91d2ba,12
c6ca293d4810e0d5,12
54fc03f1e1d355db,12
64fd010bf8d15096,12
b63ea3f7a57ae099,12
f40fea200e0c644f,12
ebf81a62e4798fd1,12
8976d9161c027142,12
b8d7b3f5c7a95d65,12
abdd91e96515a617,12
81ef44fcc5f454df,12
db84624b151cbe06,12
e7fe3bf2768602cf,12
c039f5aceb093537,12
9546d537fbf99eb6,12
b978c9852cde91bd,12
bddc6fd036eb6279,12
c6a29d6df8de968c,12
76319fe9d8b465a3,12
3968e3fbf4695d7c,12
6983328f15506cb9,12
df7e628bad5782b4,12
d069086944f2e330,12
49b24c6a41b82bd2,12
63343e287971bb0c,12
a4eef523118805ef,12
515cb8fcafb1ad98,11
6159d8b187831770,11
985991708c47003e,11
437d8dea9272d0a9,11
1c584f82a7a1c4f0,11
cf62fa272b5f0fa3,11
f435aa99d864077d,11
b06599b108e83f98,11
05a61a3bd8ca4149,11
b783ce08802cd1d1,11
47e1b2d43f709995,11
28b2df9fadc9f07e,11
5569c3fea112718e,11
bade9943ee01b63f,11
469508882dfc1991,11
825d6c44da3ca5a6,11
20dc4f1ac5d4fd9c,11
ce8666d9b42fc9a0,11
b5953ca1f8a0b8d7,11
c65c25d990fc7025,11
f608c903c451f387,11
2587c54f5530dafc,11
816180220e8cb419,11
2c34f9432069b52b,11
bb967277222e689c,11
2b69dec0193511d9,11
40c4bf520c17de54,11
a9d7b75461084a26,11
34669b2e9d407d3a,10
96aa539bfd4c07e2,10
ab60e6f5a63e1cfb,9
d1848064c54e01c7,9
4fd0a2a350f016e6,9
0967effecd292a86,9
903a9f8090104c2c,9
4b50fb1359ebf35d,9
65cfc9f242c2984a,9
33396269bcce166f,9
ca74f2e3c35a3e77,9
3f25a2fedae191cc,9
f9c87ccb2bc4853b,9
e77594ece9b9d1fe,9
0e095ed785af7e43,9
913e7109cec0cb4c,9
ee6c67859d70186b,9
6baac632f7711e26,9
8fab4c4f6f82a4ce,9
97187f5cf0385da3,9
7e9068872228c474,9
e845d305f64154f1,9
7186241e043de5dc,9
d6d9ffea95f2f8bf,9
63d5f1651880dcea,9
c181ca8eabe7d18c,9
61cf7eb9d2cd8bb0,9
e77033ce559947f7,8
04f6c929888f4f11,8
b69c852e7e3956af,8
1809259a5a5f1d8d,8
e0bdd79c7304ee8d,8
3eec766dda26fa64,8
5a0d2e9284004266,8
9afd00e81d6208e6,8
4f283dfcbeccc0d4,8
1bba4b1ba23ed2d6,8
a2308a936e898d48,8
331c26103d885cae,8
a2475a245c9907c4,8
e46a164cf310fd7d,8
bee6e93e9976f4fa,8
aeb51dfbe8aeec59,8
52fc458ffc756faf,8
d56d0710668bb39c,8
4a823d80aa30dbb0,8
c0fc0cd215ee1724,8
9a7291b89bd5445c,8
bff270fe9c86a5a9,8
4729afff3bea0f0a,8
4d3a4c7b442a9a4e,8
044534b0b28b4e87,8
c44c5e1425475206,8
29af1a2566c4e36e,8
39eefec3a8498dde,8
0cf57cb49272fd37,8
bd26e8a79a856c31,8
0ab4b35dcffcffd1,8
bbf1ea50be8008ab,8
0bfdef63285d3019,8
b7870fa6dc088fbb,8
8a150fd8ff5d7686,8
d48c1369927ebef1,8
df6a7c43faa6732b,8
e049d44c4f1cf1b2,8
0c11e2d068768dbb,8
4dbd54d9e36c9566,8
7f5157bf53065d36,8
77e9ea355bd8ae57,8
04e3de7ac35ec5cd,8
15ebd83e53d0391b,8
fef91502cbacf23a,8
b1a227b7609ff263,8
f16c2edb2a603f92,8
88ec621893e595d0,7
b46d022080543144,7
9735c969c652dd89,7
48cb52d78c992487,7
a94350ee74deaa07,7
4242cc3d0437db12,7
4a0b78598b42897a,7
0ff9d10864db8364,7
9147c5251cc99eb1,7
0345872b14f9e774,7
a8dbf1c6b41b885a,7
f935412970c9f58f,7
47f4fd3e8e1dac05,7
57f85720e54d6442,7
7a10353c9c54cf7c,7
24933c712f0bca2f,7
d250657f0ebc5d73,7
20789fb17b423c4c,7
4b8fa561a1e52d1c,7
5fbd03b1ac0a0e69,7
ba047a636b7d3793,7
8776181be110838a,7
bd087cf6a846db75,7
7ffebdd1d5148aef,7
9639e89d20228e6e,7
8486f61aa81a3daa,7
31c56c4d0fe19340,7
68008abf6409dfde,7
746029796363aa51,7
924438fc6cbec836,7
725cd8d23d78cdca,7
dac4b5847454fd9b,7
b6670507e85b30e6,7
40cdcbb7692fd408,7
b74ee891e2a6dd69,7
4c82371b8cd02d4d,7
68407606544d6f22,7
2a9fcb3382d351c8,7
eff5710404e2ff78,7
c00bc29a678a6efb,7
de6d7645f192d517,7
2e40333991f56f45,7
4e78f06160b717ac,7
4fa75fc6829431ca,7
4e980425468708da,7
4807043b8218e9ce,7
4781b6bfd6f7a2c5,7
a322361a37a78d3d,7
5b546a46a86a9d8c,7
6b52904b2ab91bf6,7
cc1936a9f4e93477,7
6c7fa6844380f50a,7
d1378a0ad06ff979,7
5ba3d703d1ae0c1d,6
774fa432bd7d9c47,6
fd364afd082f5446,6
2da5edf8b5776c9a,6
60376aa71be66083,6
2efa5a839e62b1bd,6
d326e189b1210916,6
e6635f5b0a2c78db,6
72b5355dda190b6a,6
48736df57e7bec9f,6
d33824cb93ecab6f,6
2bc80eba94950873,6
eb7459e0c570251d,6
cb17945cb90b7837,6
3d250ab0f12be445,6
6478ccb4416e6a5d,6
2a1b3d967cda1da2,6
8d8e9f9b8730eb25,6
720c36b2bee4692e,6
6d235933670503d9,6
f38f37ed934d84b2,6
7a2b51f69e81c722,6
6958de044cb28a84,6
fe0f34ebed689381,6
e792c0969cefe1b8,6
012170e4fc87ace0,6
384c7d41d5ffe9d1,6
56a34d0cec11d6b0,6
97258f576d4bb672,6
4e3b183180e2a992,6
6e06d0f00f6da20f,6
f3c70d296ec796c4,6
faf841f81c52638b,6
46cb43c2ab133ccc,6
9e60929f521fa280,6
2e5b4ff08a75fd02,5
e75f3ae1da1cc652,5
759ee7d059b1beb8,5
60369d96b7b80869,5
163d89116179c33f,5
3a7d54a264d9f33e,5
bc209a900101f28d,5
abbb492978ff656d,5
2e4fc5eacceec12c,5
e0b3a679b83caccc,5
f701fae56b645ef7,5
93379e3a2072a01b,5
0d210d2448c3018f,5
dfd9ff1f343cdaff,5
c4589ee5977a47be,5
3213b1f13f5f0f7c,5
ad84f18659e6bfe2,5
3661360c99719414,5
a2a9f76339d21ab1,5
fe7210553d56c097,5
fec06f52054ea900,5
c4182bdb53e2459a,5
b228042c088b1913,5
b716233fcb6877e6,5
84126312e2431a09,5
50d5a7b861ed1c54,5
1dba84766a5e87b8,5
84bb29c53592ac40,5
59a8ae019b64f2a7,5
2973d38c2fbd7a5c,5
e958ae92f328c181,5
6036239d2ab349b7,5
a4ce39a3720cd679,5
12a90b90283b2e6d,5
81c68492ccd72941,5
5e1a88d248599768,5
7093cf549cd2e7de,5
07e6810fd3236bda,5
8dde2ff3f6fcc0a3,5
44f545727e704187,5
45045146dbf7b009,5
7284d85428305f5a,5
d219d4e325e6f204,5
6c49258724f11770,5
3fd83dcf37bf1bc0,5
3fc124f59f3068e4,5
630e766f0a1987dd,5
b28c7d07afa7063b,5
75cc85cdbe9ad46b,5
d5ad4c92d8bf26c9,5
e46b1074b99ac4b6,5
94bb629a3f6dd00b,5
1c0a38899c82b60a,5
bcf567421c581f0a,5
429b4a811bef386c,5
b54d7416bb445989,5
ad5e078beceaeb4a,5
612369a5947a012e,5
f36d24c309e87e5b,5
add33db6ff80db24,5
d9290e99f189ce84,5
cf3b86489890b9f2,5
03cbb67c0f990d87,5
f2c8f4b4c94d5c5c,5
89a89e76f3516357,5
a8f4577a48023344,4
d4de23aa98acc65b,4
6053ddf69c967d5f,4
9cc207168a03470d,4
011674f4a3834b8d,4
6a57286a8890d8c5,4
6d2f70d9424f41a1,4
6587f46697fc4443,4
45033bdf3d9ed158,4
c65ee14957c0fa5c,4
ff2dffba388d9922,4
df53c2948b32bde3,4
9c4d061c1e2fe6bf,4
8930013d06942df1,4
31f5bbf4974d29c9,4
38199c5d7da0c0ef,4
ae884ac655d6ee3e,4
5de4baa88061a77a,4
2ba5ccc84d35006c,4
3a95f5a2df4ff921,4
869d20b3b8128230,4
70b585c9d0f15725,4
5212c6acea3359e5,4
81d4191030b9704b,4
deda806b68b0aa11,4
670a2773607d785d,4
ac337893a9fe0085,4
eff24325e0ede639,4
5a6b7155f2797537,4
73f4f87dd936ee5c,4
c7c4f55b7321cba7,4
23310ce84d3c9f85,4
ddbc5530d2939d49,4
5eff05e59f905a49,4
8fff1084aa085a13,4
ad15a9a139919918,4
2b69d289279aabfd,4
a2dc754afb69bb32,4
aaebac5fda798b1b,4
2798974abc8a58a8,4
0812f54c93d726ce,4
78a4ac98191ac675,4
1451b55e5e56bb89,4
aead11697d14ea36,4
f6ae39568db1130e,4
d12ca4020c2f602e,4
6e9403f00acd6752,4
634b7165c96ebb9f,3
5a7ff9aaa3168878,3
5d55202da0252627,3
d30b9215c72cca87,3
07bb35158d9dd3d2,3
dab0196cd5fc8e5e,3
06bab964fd536971,3
be3db344a845580b,3
0e4e2d31c2fb3aad,3
7feac4000cbc5859,3
52aa3d79b1cee455,3
4672d10b9b1e7a05,3
b830685072fa871f,3
599a4f98bb193368,3
61bc8167c9680283,3
b53078de0147f6bf,3
8ebad30219b8679c,3
2173a2ce35f6ace1,3
57f755143ee96fd4,3
719d72f3ee512dc6,3
75fed6a47f69859d,3
a33ed2e6068df53e,3
813cff2aefa5d1f0,3
2b685187f55c5d31,3
224fa77d4b248046,3
3d15714d4d3d15dd,3
49f24193f0b961e6,3
742702d662a71410,3
f06039c29b5891fa,3
91eb9605998a7c03,3
322a9e34d87f54b1,3
366a236aa1ea6f07,3
1a5044d233936b1a,3
0e92ccf1bd39e68f,3
e2d47e82c50d41d9,3
3c456328b04a8ee8,3
0e7beedf0ee9380c,3
969f6c7e86554814,3
b9f6305a3d650e2c,3
fa26798728f5208f,3
ee441c8e027caa66,3
29d6d87f3418638b,3
3e42ac0f4d43320f,3
6263c1d2997b8ce0,3
0baf71623648413a,3
4266f48a0aa1c37d,3
36c15687f5ab0f7c,3
cf2f27fdf94ba20e,3
70c7c3ca7f9b2728,3
476c7972e9b41891,3
35e69a79d2b1e804,3
554e9e2d532b3a87,3
ff6bb30dd0c482a6,3
a8b0ea6490bc818f,3
b5da59dd177eb36b,3
4a0a276409968a73,3
c88422d8959260ab,3
e2dac1f4739e0bd5,3
92dcc54a27107a37,3
bfa9cb304075d3e8,3
8f5d16a5a9bd58b2,3
dd003e904727281a,3
b3f2bc2cefb35f05,3
c6bf14cb901c63ac,3
63c0826ef59eae66,3
a6ab0cb7106a67f2,3
f51062bf579507d9,3
b22362b434e8ee62,3
dabf11918b48b40c,3
1be6d3b121865edb,3
cad70d6ffd53912f,3
23707d3ddf14a999,3
487449f4f6322f0f,3
b7f475238ed50429,3
970bd3316219e7dc,3
a75e274c8814b539,3
08decd9664e5d56e,3
cd3dcd83bb002e78,3
b04a6a0db525857d,3
311634df10651e05,3
2858ac90c4758e1f,3
61002f3b7ba5d780,3
a11ae5f07572ef49,3
f08667e4c0458f37,3
ac27ab4bcd9c492e,3
3fc9d51d1c4d6ba7,3
feaaae90514eb2ac,3
c57d3c96af23c297,3
07806456878931bc,3
281a244ce1954711,3
510832818edb6fbc,3
5b2cd5b31a510848,3
7b870bf85d01c2dc,3
28921443f052bea6,3
b4f5672f68ec3a83,3
89cad3f37c9ce226,3
8e9dd8431170c09e,3
ecdf73ee66c33b17,3
4c8ece50736f9e88,3
2ef5dc7e278e562a,3
3c565df219ba3274,3
9707989a439757b4,3
cb62418129b864a3,3
8e2dfd6bcf48e1e6,3
09a7b0b566ad6225,3
c59283b05905c853,3
8378c899988905ee,3
3250650a5c4e6f07,3
cb65e49993db9a93,3
c4d9fce9eff3b8ba,3
747cf7fca2ccdbd4,3
54aeeb4610d3ae08,3
7ce5a92baabb6bc0,3
7980fa06f2b704d8,3
e9056f9b5a40a301,3
abc4a7ee16c21088,3
546da23278482b0a,3
0dcadb06206abd3c,3
4ef75307fb64e2ad,3
4b3f4f151c99f472,3
c53d9fefcda371e9,3
4ec53ff7e2263f32,3
1de75f05d57bfc10,3
1246e4ffeb5ac4ea,3
0ce8075fab4a2b5b,3
d5e1a9bfe22bbf9f,3
190fbebbf798c31a,3
16e843e6b853cc2f,3
a0dd11f6abc421ec,3
d4a29356fc992879,3
034829ffdd0a0aea,3
a7c3f1010d64799a,3
6c4646d90b60a56c,3
d8292cd5f1aca291,3
61569d12d4ae7161,3
6b32b561dab8036c,3
8010c7c148057fd3,3
6c4d17a46cac8787,3
1812b8f5641287e3,3
557c03c284be1bf2,3
cc1ac978a6835ef6,3
0cb4856be3694a57,3
b003f8bb02f76dc5,3
621e2c310cec8d32,3
4f6985aca357ae09,3
c300cc9326592b65,3
d5c588b6f9c015e4,3
984b3b6e7479b571,3
41fc5dce044f16f5,3
d5f5a122a593b580,3
a9aa3ed5b316470b,3
2ed3a794a70aa85f,3
ed813a848580ba50,3
147019cae600694e,3
588ba85ff11a3263,3
b843f52a986a2914,3
73f71f9556442117,3
36d5884d44484277,3
a7ec599c1a547746,3
98330e431e56a9ea,3
81372abc86f65c79,3
04d858cdeeee0da4,3
d234ddecef49ef4e,3
468bd274ac084bb9,3
66937c669c4da072,3
c9782ad2a0ed9331,3
157f693d9e600ccc,3
dbe33cf29ef1623d,3
396385e3de5d18c3,3
7e9579921e5407cb,3
ef49db2aaa9bb547,3
b461cf238506c5b8,3
bbfc4a3b7b6c94a0,3
fd2337c1b73b686e,3
8e0bc2fe4e7d35b5,3
e256de8aa0c2115f,3
0bbc48294707ba96,3
860318b8e244f39c,3
15f415d436888b2d,3
d3f9c4539c0caa64,3
155e42df837ee5ff,3
67dea6c75d6a1075,3
3fb69f34e178d494,3
5439bae708bca198,3
1d89a2aa9f6ce50f,3
5d22e2a46604b6e7,3
ef9c4f2465513956,3
da0349a87c8caa2f,3
7bf87402413c27ff,3
cfe350b20d23b02b,3
bcee4f289ff6699c,3
5dbd6ec4e154ad2f,3
87beabf664115d79,3
c9770bb1d5a492a0,3
f5873c8fc7760000,3
165affa7adb5eded,3
d2185b65af52d68c,2
4130678275eb7c8c,2
276dc716b1da8899,2
f3c76b53b239f511,2
ce42e3de94226b2b,2
9189fd009df41d0e,2
b0e479be03911916,2
6fa3ea52c8e31e06,2
637e5a45062aa548,2
fb495f9f9015a772,2
b6d3f4f4ee1f6069,2
97b8f130d32e9f4e,2
c0db71f6bb14db11,2
d7b463918d3b8c39,2
09d26b5f819c6a36,1
8ceb5c6aed2c5f8b,1
def389ddfda6991b,1
c5f91eb481427dc5,1
66a4e422b212726a,1
e7e87087b1a44711,1
dab5e75d1339706a,1
e63c3f25338baf9a,1
0268f149d014b389,1
460f97a346b44bac,1
d6d98d3508c30f57,1
9c96cd1329fbd82d,1
dac9d1e654fac737,1
6514add13c82b115,1
32d035df92ab9080,1
b78deb463531d078,1
9e9932ae1a7d0943,1
6f2c0a9adbb2bca9,1
38f776ab9118aed7,1
5faefdc861684eb1,1
0ec9d2b018fb10d8,1
f0512adadffd2480,1
b0913e67d38d5ed5,1
5c10b64db3e4f228,1
c8614adb1a90b027,1
c40b70e0f6d80189,1
1aeca7d078d57deb,1
04e43893e32f9d29,1
16c71736dae78764,1
86d8bd7afa5b51b3,1
6e473eff459e809f,1
fff8a057a40c4a60,1
4280ac3eab57aa5d,1
ee61197edb882599,1
09659d1639a1f978,1
29fc016c459aeb14,1
3301af038a720587,1
18b4545a5ed15581,1
f3a0b8c835129558,1
dfb0849016bc122c,1
5bc1fbccfbf2355c,1
a7eef9d6795422c1,1
e25164e5b3fe208b,1
2ac720f76384c57e,1
3a9a7c5895e82646,1
9ed7090d8fa690b0,1
c068c013d6921fea,1
229cd6564bf0dce4,1
132adf7335bb384a,1
35e44170702139a4,1
4f64568dfefa3ce7,1
9efb397067eb7e8a,1
3cdca3b4a93980f5,1
849db7ab7f4a640c,1
bcbcbcf0f6ed196f,1
326825e02a198cf6,1
8932e5c12f12ffed,1
7ea31f38675b91c1,1
9ff997ab15713e53,1
a1985630339f4b3d,1
b6f1cfadc4dd79d4,1
39592d9d72e717c4,1
63e20a0f98218a87,1
fd78f89878479f56,1
35a60467893aa168,1
4f19709e47883df5,1
1053fb7ee17a1f33,1
d510567580c8be52,1
71a6471bbdac21d9,1
6e712ea24e77bd96,1
06f6a57a6d532844,1
8d390a1fc3133d06,1
f28f7299d38c0932,1
3455b45888fb5053,1
6fe02600f322a0a9,1
6717a70913b3db79,1
eb0fe24bbc845ecc,1
72e6fbf4f6382557,1
a492f49a3e2b6a71,1
e564c3f1a93ccf2e,1
6390772a3094939d,1
2e69730561ed70ad,1
df56868afd166557,1
0072b94dfa30608e,1
a812f6969ddf3e39,1
1774749f2cee292f,1
a96404cb928895f3,1
230ac636ea0ea415,1
a2b4b685dfa94733,1
abc0b15f2c907ff0,1
95cdfd514098c38b,1
099fae4a0705d63b,1
08672cd59171d5e4,1
cd2a2a70dd5d176d,1
bfd5e1701c862ac3,1
19fec36a1dfb4c16,1
f684a82adc49f011,1
228ba5e7577e1d49,1
